,Sample_6,Sample_7,Sample_8,Sample_9,Sample_10
GENE0001,208,224,214,216,220
GENE0002,196,209,224,238,219
GENE0003,214,209,228,220,219
GENE0004,220,213,217,231,223
GENE0005,231,218,182,221,229
GENE0006,218,200,213,201,229
GENE0007,219,231,206,215,226
GENE0008,222,207,234,236,216
GENE0009,201,241,221,211,213
GENE0010,239,213,227,223,223
GENE0011,215,231,230,210,232
GENE0012,220,221,249,222,238
GENE0013,230,193,245,220,228
GENE0014,220,221,223,188,213
GENE0015,238,218,216,229,256
GENE0016,218,254,215,218,207
GENE0017,192,246,200,237,229
GENE0018,225,233,205,246,251
GENE0019,237,210,216,230,211
GENE0020,203,228,223,202,198
GENE0021,201,216,229,201,226
GENE0022,222,214,247,227,210
GENE0023,226,224,225,223,231
GENE0024,249,225,232,237,207
GENE0025,203,214,162,221,208
GENE0026,220,235,219,198,231
GENE0027,220,211,231,210,218
GENE0028,241,213,214,228,230
GENE0029,191,237,206,210,206
GENE0030,235,239,222,206,231
GENE0031,202,233,233,214,221
GENE0032,211,214,195,187,234
GENE0033,232,201,222,226,212
GENE0034,246,211,209,242,231
GENE0035,213,241,213,216,235
GENE0036,217,237,205,211,221
GENE0037,214,205,222,214,210
GENE0038,206,212,177,195,226
GENE0039,221,218,223,208,205
GENE0040,177,212,228,247,195
GENE0041,196,216,212,232,206
GENE0042,207,213,210,216,229
GENE0043,221,235,245,248,222
GENE0044,246,194,219,229,224
GENE0045,222,228,215,257,208
GENE0046,255,205,223,234,221
GENE0047,219,186,229,232,201
GENE0048,224,200,221,206,225
GENE0049,214,219,211,224,213
GENE0050,216,200,216,236,231
GENE0051,108,112,111,102,108
GENE0052,124,116,99,130,103
GENE0053,125,121,126,88,127
GENE0054,118,107,120,107,107
GENE0055,127,136,101,117,122
GENE0056,115,122,115,118,96
GENE0057,114,106,103,100,134
GENE0058,111,139,127,125,105
GENE0059,118,113,114,105,121
GENE0060,114,119,123,130,124
GENE0061,116,106,143,100,111
GENE0062,101,103,113,120,118
GENE0063,116,115,125,128,107
GENE0064,122,143,118,110,120
GENE0065,131,107,107,125,111
GENE0066,107,110,126,113,123
GENE0067,123,108,113,120,115
GENE0068,112,118,141,130,117
GENE0069,114,134,123,106,135
GENE0070,124,94,120,109,123
GENE0071,111,119,120,103,121
GENE0072,139,122,105,121,103
GENE0073,117,114,120,132,122
GENE0074,110,109,114,120,122
GENE0075,117,128,116,108,128
GENE0076,128,125,119,112,106
GENE0077,115,137,105,118,133
GENE0078,118,112,129,133,126
GENE0079,121,116,123,106,107
GENE0080,101,112,121,108,136
GENE0081,123,115,122,108,108
GENE0082,109,106,128,120,124
GENE0083,126,123,114,105,129
GENE0084,128,113,130,116,111
GENE0085,146,142,114,128,129
GENE0086,121,114,135,101,140
GENE0087,127,142,111,113,99
GENE0088,111,109,123,115,141
GENE0089,105,128,128,142,126
GENE0090,115,123,117,116,113
GENE0091,117,90,117,133,120
GENE0092,135,123,140,120,110
GENE0093,116,131,118,129,126
GENE0094,111,120,101,112,127
GENE0095,119,111,120,125,101
GENE0096,123,129,127,126,130
GENE0097,112,128,118,122,129
GENE0098,131,135,115,107,131
GENE0099,124,122,130,126,158
GENE0100,126,127,115,95,113
GENE0101,138,130,118,125,124
GENE0102,115,132,104,130,141
GENE0103,109,124,116,134,110
GENE0104,126,132,150,135,129
GENE0105,123,104,134,129,112
GENE0106,124,111,99,118,105
GENE0107,116,125,126,134,110
GENE0108,103,118,120,124,103
GENE0109,98,109,120,145,119
GENE0110,119,99,129,137,120
GENE0111,104,131,120,110,98
GENE0112,109,132,110,127,121
GENE0113,109,97,120,130,132
GENE0114,119,131,119,127,134
GENE0115,108,146,129,124,126
GENE0116,105,155,127,107,113
GENE0117,114,105,146,128,127
GENE0118,125,105,108,119,121
GENE0119,120,127,123,115,106
GENE0120,116,123,95,128,120
GENE0121,105,122,128,123,104
GENE0122,110,105,158,125,134
GENE0123,123,140,121,133,124
GENE0124,107,121,102,126,115
GENE0125,134,120,122,130,128
GENE0126,122,115,119,119,109
GENE0127,116,122,122,109,110
GENE0128,121,118,119,124,147
GENE0129,108,125,119,118,109
GENE0130,123,102,130,119,104
GENE0131,104,129,122,129,147
GENE0132,132,117,120,116,130
GENE0133,129,123,124,122,128
GENE0134,111,131,109,118,126
GENE0135,113,113,129,114,112
GENE0136,111,99,96,112,133
GENE0137,127,113,127,116,123
GENE0138,109,109,111,134,131
GENE0139,134,115,118,116,109
GENE0140,112,128,95,105,107
GENE0141,120,118,125,128,102
GENE0142,107,106,131,126,97
GENE0143,97,132,113,146,128
GENE0144,107,114,113,146,119
GENE0145,116,131,121,113,133
GENE0146,106,107,129,124,132
GENE0147,114,117,102,114,116
GENE0148,124,127,120,130,121
GENE0149,141,111,116,108,116
GENE0150,125,112,114,130,124
GENE0151,115,109,124,120,100
GENE0152,109,125,96,134,100
GENE0153,115,113,130,109,121
GENE0154,114,120,122,116,127
GENE0155,119,123,113,131,106
GENE0156,134,110,126,141,103
GENE0157,129,109,129,146,124
GENE0158,130,130,104,95,105
GENE0159,126,121,125,123,107
GENE0160,126,129,107,105,125
GENE0161,116,125,120,122,128
GENE0162,130,147,118,114,117
GENE0163,132,113,130,124,129
GENE0164,121,119,115,120,124
GENE0165,118,124,96,129,133
GENE0166,120,125,100,132,127
GENE0167,124,107,130,126,105
GENE0168,116,110,113,109,128
GENE0169,108,122,114,122,115
GENE0170,130,116,131,136,95
GENE0171,108,134,108,122,94
GENE0172,95,137,120,119,138
GENE0173,115,115,113,115,125
GENE0174,113,118,144,125,131
GENE0175,98,125,116,133,116
GENE0176,126,95,131,110,108
GENE0177,127,111,81,116,120
GENE0178,108,131,104,110,122
GENE0179,126,134,111,133,109
GENE0180,114,124,118,103,132
GENE0181,126,130,110,123,115
GENE0182,106,132,126,127,125
GENE0183,125,116,126,109,116
GENE0184,113,120,117,107,129
GENE0185,123,128,111,110,108
GENE0186,119,106,124,125,131
GENE0187,110,133,110,123,117
GENE0188,122,114,108,125,138
GENE0189,125,125,121,110,121
GENE0190,113,119,137,123,131
GENE0191,100,138,144,128,123
GENE0192,135,122,105,128,141
GENE0193,124,120,112,107,115
GENE0194,135,134,126,114,115
GENE0195,107,119,135,115,112
GENE0196,103,124,121,137,117
GENE0197,101,123,131,116,121
GENE0198,133,127,131,129,117
GENE0199,118,103,117,108,130
GENE0200,105,143,127,122,127
GENE0201,120,130,133,121,114
GENE0202,124,100,114,130,132
GENE0203,118,117,118,134,110
GENE0204,120,128,124,115,126
GENE0205,101,130,116,114,124
GENE0206,116,119,115,123,117
GENE0207,113,127,122,111,121
GENE0208,138,113,120,121,128
GENE0209,111,109,108,122,127
GENE0210,122,120,119,122,117
GENE0211,122,146,128,107,102
GENE0212,108,136,123,126,126
GENE0213,112,120,124,126,127
GENE0214,126,115,132,113,116
GENE0215,126,120,110,126,127
GENE0216,118,121,133,122,127
GENE0217,131,101,96,111,113
GENE0218,119,97,124,92,114
GENE0219,105,127,117,103,122
GENE0220,124,127,99,121,128
GENE0221,126,106,106,113,132
GENE0222,132,97,130,132,113
GENE0223,115,119,145,128,118
GENE0224,102,123,125,134,146
GENE0225,116,126,95,151,124
GENE0226,109,111,131,107,120
GENE0227,104,121,104,119,116
GENE0228,122,130,119,110,111
GENE0229,121,114,128,114,124
GENE0230,129,118,134,106,128
GENE0231,120,123,139,130,123
GENE0232,99,107,127,141,148
GENE0233,113,106,124,124,133
GENE0234,117,112,141,119,124
GENE0235,102,124,120,124,103
GENE0236,135,121,91,111,136
GENE0237,146,120,120,102,124
GENE0238,123,118,123,121,118
GENE0239,140,130,110,128,115
GENE0240,122,106,121,132,123
GENE0241,127,125,120,125,107
GENE0242,109,86,127,145,118
GENE0243,115,108,134,129,123
GENE0244,127,113,121,125,134
GENE0245,110,122,104,121,125
GENE0246,108,118,113,112,111
GENE0247,135,113,116,128,123
GENE0248,129,136,98,126,135
GENE0249,149,117,108,127,116
GENE0250,116,130,126,140,128
GENE0251,121,106,132,132,139
GENE0252,116,135,116,134,111
GENE0253,125,123,94,124,108
GENE0254,130,99,105,110,125
GENE0255,113,121,134,122,119
GENE0256,114,125,126,106,116
GENE0257,124,94,137,121,114
GENE0258,129,118,121,101,106
GENE0259,128,115,111,114,115
GENE0260,117,109,121,128,115
GENE0261,131,115,122,141,129
GENE0262,103,118,117,116,110
GENE0263,120,109,91,133,115
GENE0264,125,127,127,134,110
GENE0265,136,106,107,101,125
GENE0266,125,124,129,109,128
GENE0267,125,117,128,114,135
GENE0268,135,122,125,117,135
GENE0269,132,121,111,103,142
GENE0270,130,134,104,105,120
GENE0271,132,106,115,115,113
GENE0272,131,105,143,111,137
GENE0273,102,121,111,123,138
GENE0274,118,104,112,105,107
GENE0275,127,114,99,102,105
GENE0276,113,121,120,109,125
GENE0277,115,117,130,121,129
GENE0278,120,124,112,128,116
GENE0279,105,110,130,126,120
GENE0280,103,128,131,127,117
GENE0281,125,126,121,132,120
GENE0282,153,133,126,122,107
GENE0283,113,115,126,123,101
GENE0284,120,125,124,138,127
GENE0285,130,101,127,108,130
GENE0286,153,120,130,120,121
GENE0287,112,114,115,130,117
GENE0288,132,131,135,122,134
GENE0289,110,118,104,111,129
GENE0290,123,108,120,107,119
GENE0291,138,114,102,130,107
GENE0292,113,127,112,111,136
GENE0293,128,129,125,131,135
GENE0294,128,107,140,116,135
GENE0295,118,114,129,144,116
GENE0296,128,114,124,109,122
GENE0297,128,122,127,144,121
GENE0298,107,119,116,121,109
GENE0299,120,112,118,140,138
GENE0300,124,99,101,108,121
GENE0301,107,113,117,117,120
GENE0302,128,108,111,139,106
GENE0303,109,130,119,104,122
GENE0304,104,120,100,118,126
GENE0305,117,140,110,126,119
GENE0306,115,118,114,113,145
GENE0307,117,118,116,123,111
GENE0308,111,111,134,132,117
GENE0309,117,125,134,123,111
GENE0310,113,127,127,130,102
GENE0311,139,118,112,116,127
GENE0312,111,127,129,115,127
GENE0313,120,91,128,128,109
GENE0314,127,122,112,132,128
GENE0315,122,123,138,105,128
GENE0316,129,110,145,129,109
GENE0317,126,130,124,114,108
GENE0318,135,109,102,112,112
GENE0319,115,123,129,133,132
GENE0320,127,118,111,119,111
GENE0321,117,110,120,121,129
GENE0322,108,120,116,135,124
GENE0323,124,125,126,114,119
GENE0324,118,109,115,120,100
GENE0325,133,108,119,121,138
GENE0326,111,130,108,124,133
GENE0327,113,130,115,138,140
GENE0328,119,118,113,134,118
GENE0329,121,133,116,113,128
GENE0330,115,113,117,127,110
GENE0331,107,92,116,124,114
GENE0332,138,138,118,130,126
GENE0333,125,115,114,114,139
GENE0334,128,118,126,90,143
GENE0335,125,119,142,130,122
GENE0336,132,134,125,112,109
GENE0337,101,107,97,122,106
GENE0338,115,137,102,129,111
GENE0339,126,107,108,111,94
GENE0340,136,112,105,121,101
GENE0341,130,119,110,113,119
GENE0342,131,111,116,130,123
GENE0343,126,123,112,114,120
GENE0344,133,113,135,129,130
GENE0345,130,115,112,113,121
GENE0346,145,130,127,129,115
GENE0347,125,129,125,125,121
GENE0348,120,122,128,127,125
GENE0349,113,108,130,133,127
GENE0350,114,107,126,128,114
GENE0351,151,135,131,102,123
GENE0352,137,108,110,126,122
GENE0353,119,116,124,129,130
GENE0354,123,116,102,145,106
GENE0355,131,108,131,111,119
GENE0356,139,112,114,120,118
GENE0357,111,122,123,116,114
GENE0358,128,107,107,128,120
GENE0359,127,118,122,104,131
GENE0360,100,110,117,124,132
GENE0361,121,142,118,115,128
GENE0362,125,116,130,123,129
GENE0363,118,109,118,116,116
GENE0364,108,115,107,118,124
GENE0365,118,126,109,131,120
GENE0366,109,118,114,134,133
GENE0367,113,115,128,115,103
GENE0368,121,106,127,131,116
GENE0369,131,149,130,115,115
GENE0370,128,102,121,113,127
GENE0371,125,115,126,134,118
GENE0372,125,128,133,112,109
GENE0373,108,119,100,127,109
GENE0374,105,106,108,93,119
GENE0375,112,115,95,117,132
GENE0376,147,103,108,125,132
GENE0377,112,107,112,114,141
GENE0378,117,101,118,112,109
GENE0379,115,111,121,110,114
GENE0380,108,126,118,98,115
GENE0381,130,114,118,112,117
GENE0382,114,131,130,125,114
GENE0383,121,122,110,113,124
GENE0384,113,130,114,123,107
GENE0385,124,109,122,130,118
GENE0386,110,128,106,119,125
GENE0387,120,121,103,114,119
GENE0388,107,130,135,126,123
GENE0389,109,118,124,124,103
GENE0390,112,106,122,126,138
GENE0391,122,122,126,136,113
GENE0392,111,122,112,123,127
GENE0393,141,134,120,125,120
GENE0394,110,121,130,115,105
GENE0395,134,134,146,110,122
GENE0396,111,110,128,106,137
GENE0397,116,119,107,114,128
GENE0398,141,133,120,125,132
GENE0399,124,115,133,115,130
GENE0400,113,118,104,131,117
GENE0401,123,121,131,109,144
GENE0402,130,108,123,124,112
GENE0403,115,121,115,129,121
GENE0404,131,132,123,106,123
GENE0405,119,118,110,108,134
GENE0406,124,108,121,107,120
GENE0407,128,108,110,122,115
GENE0408,121,133,136,130,107
GENE0409,117,111,101,117,122
GENE0410,133,124,102,115,108
GENE0411,104,98,136,128,113
GENE0412,107,130,134,112,119
GENE0413,123,133,115,127,124
GENE0414,117,112,94,117,102
GENE0415,143,129,132,125,139
GENE0416,128,99,121,119,128
GENE0417,115,107,112,128,112
GENE0418,110,123,111,114,126
GENE0419,117,104,105,109,130
GENE0420,145,126,132,128,125
GENE0421,137,142,125,100,118
GENE0422,113,148,115,131,124
GENE0423,121,135,122,112,109
GENE0424,129,111,111,124,119
GENE0425,119,148,116,116,105
GENE0426,110,135,118,124,119
GENE0427,116,104,130,120,137
GENE0428,139,109,117,129,111
GENE0429,92,125,122,143,143
GENE0430,118,129,114,120,109
GENE0431,121,110,120,112,116
GENE0432,110,111,114,118,122
GENE0433,123,123,126,142,124
GENE0434,118,124,120,96,130
GENE0435,111,132,115,105,134
GENE0436,94,134,110,121,125
GENE0437,113,118,115,114,115
GENE0438,123,114,93,135,125
GENE0439,117,123,109,148,128
GENE0440,128,120,122,121,129
GENE0441,127,115,137,130,109
GENE0442,118,122,111,106,108
GENE0443,112,111,127,122,116
GENE0444,118,140,118,113,129
GENE0445,120,125,138,147,143
GENE0446,115,118,121,115,110
GENE0447,101,114,122,103,124
GENE0448,127,124,130,101,117
GENE0449,124,129,119,113,126
GENE0450,127,99,116,108,124
GENE0451,117,131,111,115,118
GENE0452,100,145,114,105,117
GENE0453,94,129,126,116,130
GENE0454,118,120,138,118,116
GENE0455,111,117,98,102,120
GENE0456,116,105,112,133,108
GENE0457,147,126,115,117,129
GENE0458,121,133,126,124,115
GENE0459,120,123,128,128,114
GENE0460,117,121,111,118,102
GENE0461,133,127,112,115,139
GENE0462,116,107,125,126,97
GENE0463,123,116,104,115,125
GENE0464,120,135,114,105,121
GENE0465,101,114,125,114,109
GENE0466,124,119,131,104,119
GENE0467,131,134,108,112,128
GENE0468,130,114,119,124,108
GENE0469,116,111,125,130,121
GENE0470,111,109,126,114,133
GENE0471,113,140,106,130,128
GENE0472,127,123,116,129,124
GENE0473,111,109,124,106,132
GENE0474,124,99,109,115,139
GENE0475,128,102,117,108,137
GENE0476,120,147,130,128,139
GENE0477,93,141,119,120,141
GENE0478,113,115,116,122,111
GENE0479,99,115,103,125,118
GENE0480,135,121,105,133,119
GENE0481,123,130,110,113,117
GENE0482,125,112,130,115,121
GENE0483,115,105,128,116,124
GENE0484,129,123,97,128,131
GENE0485,140,122,126,107,139
GENE0486,110,118,107,114,123
GENE0487,122,121,115,116,140
GENE0488,129,127,117,120,109
GENE0489,101,110,127,99,109
GENE0490,126,118,121,131,132
GENE0491,116,111,102,133,135
GENE0492,114,137,139,103,114
GENE0493,124,117,129,133,118
GENE0494,119,111,109,119,138
GENE0495,118,119,128,124,128
GENE0496,102,107,137,141,123
GENE0497,113,116,116,140,132
GENE0498,130,123,115,104,128
GENE0499,108,119,115,117,113
GENE0500,127,118,137,111,123
GENE0501,118,128,119,103,117
GENE0502,119,131,125,115,118
GENE0503,141,144,126,109,107
GENE0504,117,110,116,130,112
GENE0505,119,105,111,129,128
GENE0506,102,117,125,111,116
GENE0507,151,118,124,111,126
GENE0508,117,132,119,117,125
GENE0509,134,130,110,97,119
GENE0510,124,145,113,122,128
GENE0511,118,105,121,119,129
GENE0512,138,125,118,136,118
GENE0513,108,117,119,123,102
GENE0514,138,125,122,123,125
GENE0515,123,99,117,116,119
GENE0516,104,120,111,128,118
GENE0517,120,124,110,119,105
GENE0518,141,107,112,118,111
GENE0519,121,118,111,125,129
GENE0520,115,117,112,106,111
GENE0521,112,109,126,135,111
GENE0522,109,99,132,126,109
GENE0523,117,118,120,125,112
GENE0524,127,115,125,102,105
GENE0525,130,100,105,106,113
GENE0526,96,91,114,117,112
GENE0527,128,123,111,125,127
GENE0528,114,104,121,139,114
GENE0529,111,130,110,135,113
GENE0530,124,128,115,107,128
GENE0531,122,121,114,124,140
GENE0532,117,132,105,128,112
GENE0533,119,115,127,129,107
GENE0534,131,117,126,98,117
GENE0535,107,130,128,137,109
GENE0536,135,113,145,106,138
GENE0537,127,120,119,112,115
GENE0538,114,130,131,115,121
GENE0539,117,104,144,115,122
GENE0540,110,118,122,110,123
GENE0541,117,126,119,136,96
GENE0542,114,125,112,120,119
GENE0543,141,109,128,121,119
GENE0544,121,120,105,129,126
GENE0545,118,120,119,126,97
GENE0546,132,104,119,131,101
GENE0547,119,135,114,139,132
GENE0548,117,99,109,127,112
GENE0549,99,121,131,120,95
GENE0550,111,141,135,121,132
GENE0551,129,120,123,123,117
GENE0552,118,105,146,112,120
GENE0553,111,152,119,114,105
GENE0554,117,94,135,130,113
GENE0555,130,116,137,124,123
GENE0556,142,102,123,120,109
GENE0557,142,127,125,105,117
GENE0558,127,128,121,108,104
GENE0559,106,130,122,121,97
GENE0560,101,133,118,122,127
GENE0561,113,113,119,118,130
GENE0562,105,143,118,114,119
GENE0563,105,145,125,112,113
GENE0564,97,116,106,119,137
GENE0565,130,117,114,129,120
GENE0566,137,102,134,122,114
GENE0567,138,123,100,119,112
GENE0568,105,113,123,109,135
GENE0569,114,104,111,112,104
GENE0570,120,132,124,135,132
GENE0571,122,118,129,135,128
GENE0572,127,134,137,110,117
GENE0573,135,122,96,129,128
GENE0574,97,114,125,133,128
GENE0575,113,128,136,109,138
GENE0576,111,116,123,121,114
GENE0577,130,116,107,133,108
GENE0578,120,121,126,116,116
GENE0579,129,139,123,132,131
GENE0580,126,143,104,97,113
GENE0581,120,126,115,129,121
GENE0582,110,134,116,105,112
GENE0583,131,138,118,143,121
GENE0584,133,104,134,108,127
GENE0585,139,118,140,100,144
GENE0586,119,113,116,128,131
GENE0587,130,113,136,131,110
GENE0588,111,104,118,132,122
GENE0589,124,117,118,103,102
GENE0590,131,105,112,115,132
GENE0591,139,107,131,121,120
GENE0592,116,120,135,122,121
GENE0593,124,120,107,134,126
GENE0594,115,131,116,126,151
GENE0595,110,129,122,107,107
GENE0596,123,122,125,110,132
GENE0597,142,115,102,144,113
GENE0598,142,117,111,89,131
GENE0599,119,126,117,107,113
GENE0600,115,112,122,120,122
GENE0601,119,125,128,120,110
GENE0602,121,124,122,137,130
GENE0603,110,141,140,120,136
GENE0604,145,145,122,101,114
GENE0605,111,119,127,124,111
GENE0606,114,126,123,125,117
GENE0607,106,132,126,131,110
GENE0608,149,116,131,124,125
GENE0609,126,125,128,114,118
GENE0610,101,116,118,129,115
GENE0611,129,112,133,126,142
GENE0612,126,129,132,111,123
GENE0613,118,124,125,133,131
GENE0614,112,113,120,102,114
GENE0615,113,133,117,120,123
GENE0616,120,130,104,111,128
GENE0617,145,112,115,128,111
GENE0618,107,121,141,102,128
GENE0619,150,110,121,124,107
GENE0620,105,121,107,116,120
GENE0621,104,126,106,122,125
GENE0622,107,117,111,138,118
GENE0623,119,127,121,102,113
GENE0624,119,128,107,113,112
GENE0625,114,112,134,130,122
GENE0626,122,110,119,98,119
GENE0627,103,112,147,117,103
GENE0628,133,144,129,118,113
GENE0629,113,118,101,115,130
GENE0630,122,117,123,113,118
GENE0631,106,110,116,120,121
GENE0632,122,114,131,133,103
GENE0633,112,127,105,126,113
GENE0634,104,113,115,119,121
GENE0635,102,105,116,119,106
GENE0636,122,116,110,110,119
GENE0637,138,108,115,117,130
GENE0638,123,109,126,116,112
GENE0639,135,121,122,126,132
GENE0640,129,119,123,131,107
GENE0641,116,116,117,130,105
GENE0642,115,129,96,115,121
GENE0643,107,120,117,126,122
GENE0644,113,135,123,134,112
GENE0645,124,131,101,110,135
GENE0646,132,115,108,102,126
GENE0647,132,140,132,118,110
GENE0648,122,130,112,129,137
GENE0649,126,118,109,129,137
GENE0650,123,121,127,120,107
GENE0651,119,130,119,115,105
GENE0652,118,109,133,103,112
GENE0653,142,112,118,136,138
GENE0654,118,122,109,99,127
GENE0655,121,110,121,110,105
GENE0656,96,125,135,115,123
GENE0657,109,121,133,131,132
GENE0658,118,103,131,133,101
GENE0659,124,118,105,110,132
GENE0660,116,112,124,98,120
GENE0661,121,107,121,123,132
GENE0662,105,132,127,109,135
GENE0663,124,124,120,109,108
GENE0664,117,106,107,123,116
GENE0665,133,117,115,126,111
GENE0666,103,120,106,111,119
GENE0667,138,111,135,148,111
GENE0668,124,115,127,141,108
GENE0669,100,105,130,120,108
GENE0670,104,110,136,120,112
GENE0671,123,144,118,102,107
GENE0672,108,126,120,124,100
GENE0673,140,138,103,116,131
GENE0674,128,117,108,97,102
GENE0675,117,134,137,118,129
GENE0676,115,94,125,109,111
GENE0677,116,116,130,112,122
GENE0678,109,121,109,109,115
GENE0679,133,120,114,104,130
GENE0680,106,148,128,126,126
GENE0681,115,118,116,107,135
GENE0682,122,128,140,138,119
GENE0683,140,129,110,136,103
GENE0684,126,110,112,114,117
GENE0685,138,127,114,131,123
GENE0686,128,130,125,104,107
GENE0687,110,135,131,119,133
GENE0688,128,127,131,124,119
GENE0689,117,123,135,116,133
GENE0690,122,114,112,127,111
GENE0691,123,127,131,103,124
GENE0692,116,115,128,146,152
GENE0693,118,124,116,137,128
GENE0694,120,124,113,110,119
GENE0695,142,115,125,102,119
GENE0696,114,131,107,129,128
GENE0697,125,125,106,108,111
GENE0698,116,116,132,137,128
GENE0699,113,122,108,130,142
GENE0700,115,123,121,121,133
GENE0701,117,148,115,111,113
GENE0702,127,116,117,112,96
GENE0703,116,115,131,115,114
GENE0704,122,122,108,136,124
GENE0705,108,110,114,122,127
GENE0706,112,137,129,108,122
GENE0707,111,128,95,125,126
GENE0708,122,110,112,133,111
GENE0709,128,112,124,129,124
GENE0710,115,117,113,122,124
GENE0711,118,132,121,111,96
GENE0712,102,129,125,127,129
GENE0713,103,113,118,124,115
GENE0714,132,130,113,111,101
GENE0715,99,132,132,128,134
GENE0716,138,126,130,108,130
GENE0717,120,129,137,115,107
GENE0718,104,128,102,111,120
GENE0719,121,111,111,118,112
GENE0720,118,126,127,104,124
GENE0721,128,127,122,117,122
GENE0722,116,120,123,113,110
GENE0723,126,134,121,115,107
GENE0724,115,109,139,111,128
GENE0725,118,135,113,132,106
GENE0726,123,125,138,130,141
GENE0727,112,125,111,111,119
GENE0728,138,101,124,136,135
GENE0729,106,106,132,117,116
GENE0730,113,111,137,106,127
GENE0731,118,127,121,108,121
GENE0732,125,125,135,116,121
GENE0733,119,130,136,119,143
GENE0734,123,133,122,121,106
GENE0735,128,122,128,137,124
GENE0736,114,112,127,131,117
GENE0737,105,142,128,130,124
GENE0738,138,125,133,126,117
GENE0739,123,128,124,127,128
GENE0740,117,148,120,116,114
GENE0741,134,110,129,113,133
GENE0742,115,119,110,132,113
GENE0743,107,120,118,123,130
GENE0744,134,115,144,117,97
GENE0745,115,126,111,118,118
GENE0746,110,123,112,124,123
GENE0747,133,125,102,129,106
GENE0748,125,127,132,121,133
GENE0749,111,108,129,114,116
GENE0750,113,115,115,128,104
GENE0751,124,119,131,113,105
GENE0752,120,113,113,108,115
GENE0753,98,125,113,103,129
GENE0754,140,128,110,110,129
GENE0755,124,104,138,106,109
GENE0756,109,102,135,128,116
GENE0757,91,109,132,123,118
GENE0758,132,106,137,119,121
GENE0759,109,128,139,123,133
GENE0760,123,103,142,120,136
GENE0761,125,120,116,119,127
GENE0762,109,121,137,122,138
GENE0763,109,119,128,126,130
GENE0764,109,112,116,113,134
GENE0765,122,117,126,136,106
GENE0766,123,115,126,132,103
GENE0767,127,111,105,121,98
GENE0768,125,118,107,112,115
GENE0769,117,125,119,110,120
GENE0770,119,126,115,117,111
GENE0771,122,113,123,128,118
GENE0772,117,131,108,119,108
GENE0773,139,127,123,110,120
GENE0774,115,98,113,102,118
GENE0775,114,129,118,118,117
GENE0776,117,104,128,110,119
GENE0777,109,144,126,90,114
GENE0778,133,116,137,132,125
GENE0779,114,139,118,109,137
GENE0780,134,118,109,119,117
GENE0781,106,115,121,120,112
GENE0782,141,119,115,110,108
GENE0783,118,147,127,117,128
GENE0784,127,120,121,109,124
GENE0785,130,122,118,110,148
GENE0786,130,118,120,118,104
GENE0787,114,144,131,138,123
GENE0788,133,108,107,85,114
GENE0789,113,121,119,105,129
GENE0790,133,143,140,132,126
GENE0791,140,117,144,123,128
GENE0792,94,122,132,99,123
GENE0793,117,118,127,133,121
GENE0794,122,116,127,121,123
GENE0795,110,109,121,116,127
GENE0796,112,131,132,114,113
GENE0797,117,122,133,110,123
GENE0798,119,134,127,117,115
GENE0799,116,142,137,113,134
GENE0800,126,104,113,115,121
GENE0801,124,138,121,111,121
GENE0802,135,119,133,117,121
GENE0803,119,129,129,123,107
GENE0804,128,101,134,133,119
GENE0805,114,112,118,122,132
GENE0806,100,117,143,122,120
GENE0807,139,114,110,119,121
GENE0808,129,124,106,119,113
GENE0809,109,127,114,117,119
GENE0810,139,115,140,110,118
GENE0811,134,123,117,125,108
GENE0812,111,118,106,107,109
GENE0813,126,116,127,125,127
GENE0814,120,120,134,137,115
GENE0815,118,123,143,99,122
GENE0816,121,134,122,136,113
GENE0817,123,122,107,111,119
GENE0818,103,129,122,124,110
GENE0819,139,105,134,120,118
GENE0820,127,114,118,123,110
GENE0821,120,128,125,112,118
GENE0822,127,125,124,119,116
GENE0823,127,95,117,134,97
GENE0824,115,107,137,112,120
GENE0825,124,127,115,121,113
GENE0826,107,128,141,114,126
GENE0827,132,127,109,126,117
GENE0828,121,100,111,108,108
GENE0829,145,122,119,116,113
GENE0830,128,122,109,115,128
GENE0831,138,119,128,112,119
GENE0832,104,126,115,116,117
GENE0833,141,119,126,115,124
GENE0834,107,109,108,120,109
GENE0835,120,136,131,125,120
GENE0836,110,117,118,109,105
GENE0837,128,121,127,114,109
GENE0838,130,131,126,113,132
GENE0839,109,125,110,117,107
GENE0840,114,136,140,132,126
GENE0841,115,128,125,112,117
GENE0842,100,114,114,111,132
GENE0843,119,127,108,122,121
GENE0844,102,110,129,116,123
GENE0845,119,124,124,136,121
GENE0846,107,140,136,115,99
GENE0847,136,128,94,136,105
GENE0848,114,141,140,134,120
GENE0849,137,119,118,117,99
GENE0850,121,121,112,96,134
GENE0851,108,132,129,121,130
GENE0852,133,103,138,133,114
GENE0853,114,111,126,104,112
GENE0854,120,115,128,114,113
GENE0855,120,135,141,120,115
GENE0856,111,119,113,111,136
GENE0857,125,122,125,115,126
GENE0858,125,147,110,124,149
GENE0859,126,115,135,116,118
GENE0860,119,104,118,112,116
GENE0861,114,125,132,142,117
GENE0862,106,114,148,125,137
GENE0863,130,130,131,124,139
GENE0864,115,130,121,132,134
GENE0865,131,117,119,114,117
GENE0866,107,125,118,135,123
GENE0867,107,126,127,129,123
GENE0868,120,117,129,130,118
GENE0869,125,122,117,111,129
GENE0870,103,110,110,135,90
GENE0871,112,123,121,92,106
GENE0872,123,131,125,127,132
GENE0873,134,116,126,112,135
GENE0874,125,119,143,120,118
GENE0875,116,112,112,131,122
GENE0876,128,114,123,105,127
GENE0877,141,112,112,114,111
GENE0878,125,100,139,129,116
GENE0879,122,147,124,112,126
GENE0880,137,129,128,126,120
GENE0881,111,112,127,134,118
GENE0882,123,121,124,120,115
GENE0883,115,134,123,115,120
GENE0884,139,107,120,123,127
GENE0885,113,138,145,113,135
GENE0886,144,143,130,117,123
GENE0887,118,148,109,116,124
GENE0888,126,111,109,109,115
GENE0889,100,107,136,120,116
GENE0890,123,100,120,125,109
GENE0891,128,116,105,122,111
GENE0892,136,134,111,138,131
GENE0893,122,122,114,108,106
GENE0894,146,117,128,128,114
GENE0895,143,119,121,110,124
GENE0896,132,119,107,112,126
GENE0897,130,109,117,130,112
GENE0898,121,132,111,112,106
GENE0899,113,132,124,124,120
GENE0900,112,117,110,130,122
GENE0901,110,114,120,117,105
GENE0902,94,116,134,114,126
GENE0903,97,119,127,126,134
GENE0904,117,132,111,120,139
GENE0905,128,140,126,114,119
GENE0906,100,131,132,117,115
GENE0907,120,131,101,98,124
GENE0908,142,117,126,107,119
GENE0909,120,133,130,111,139
GENE0910,117,104,108,117,118
GENE0911,130,123,106,117,138
GENE0912,111,117,133,132,109
GENE0913,127,114,115,114,127
GENE0914,121,121,115,133,135
GENE0915,110,128,118,122,138
GENE0916,118,119,141,104,132
GENE0917,107,119,118,114,123
GENE0918,130,127,142,143,131
GENE0919,105,108,127,130,124
GENE0920,143,154,108,117,125
GENE0921,117,119,106,115,126
GENE0922,117,131,120,112,111
GENE0923,113,134,119,120,121
GENE0924,101,109,109,98,126
GENE0925,133,121,118,121,113
GENE0926,118,127,136,141,131
GENE0927,143,110,130,125,131
GENE0928,109,118,122,111,115
GENE0929,125,136,113,120,144
GENE0930,116,121,152,128,128
GENE0931,104,118,120,113,117
GENE0932,134,134,109,116,134
GENE0933,125,126,112,129,129
GENE0934,143,96,125,99,119
GENE0935,134,117,108,120,113
GENE0936,115,94,131,137,139
GENE0937,123,105,111,119,129
GENE0938,122,119,131,134,102
GENE0939,117,128,115,127,130
GENE0940,115,140,115,117,130
GENE0941,91,124,119,118,105
GENE0942,115,122,113,125,120
GENE0943,119,140,106,122,116
GENE0944,109,126,143,127,129
GENE0945,139,117,84,134,125
GENE0946,127,134,139,112,129
GENE0947,116,125,123,113,152
GENE0948,124,131,134,115,108
GENE0949,130,111,115,125,135
GENE0950,118,140,120,119,125
GENE0951,130,109,126,132,87
GENE0952,97,117,107,126,117
GENE0953,119,106,112,126,134
GENE0954,116,93,119,125,123
GENE0955,124,121,133,114,131
GENE0956,121,138,124,132,115
GENE0957,133,118,129,115,119
GENE0958,120,112,115,106,122
GENE0959,139,128,116,138,121
GENE0960,109,112,132,145,137
GENE0961,126,127,103,111,130
GENE0962,109,117,130,120,108
GENE0963,117,143,134,115,116
GENE0964,128,115,114,97,123
GENE0965,119,124,107,112,124
GENE0966,118,114,114,112,114
GENE0967,111,120,113,139,110
GENE0968,120,123,140,105,120
GENE0969,107,111,132,111,154
GENE0970,138,141,117,119,118
GENE0971,100,126,122,115,126
GENE0972,145,121,107,123,135
GENE0973,116,114,127,115,139
GENE0974,120,133,129,129,107
GENE0975,115,137,119,113,117
GENE0976,135,106,117,114,124
GENE0977,102,129,124,131,111
GENE0978,118,111,132,119,138
GENE0979,124,109,119,129,113
GENE0980,124,130,130,117,107
GENE0981,140,127,112,117,103
GENE0982,103,109,141,123,123
GENE0983,139,127,100,109,126
GENE0984,122,135,111,110,125
GENE0985,130,105,116,118,123
GENE0986,135,118,105,91,125
GENE0987,121,109,122,117,109
GENE0988,116,131,143,119,114
GENE0989,92,123,138,121,136
GENE0990,110,135,132,109,123
GENE0991,122,108,122,103,123
GENE0992,150,139,120,133,119
GENE0993,141,127,121,115,120
GENE0994,102,124,124,136,107
GENE0995,116,128,133,99,114
GENE0996,98,133,125,134,109
GENE0997,136,124,115,130,125
GENE0998,113,132,125,112,116
GENE0999,154,118,120,135,108
GENE1000,129,122,104,112,129
