,Sample_1,Sample_2,Sample_3,Sample_4,Sample_5
GENE0001,96,107,88,103,111
GENE0002,90,94,98,103,94
GENE0003,99,90,103,103,94
GENE0004,105,86,92,94,101
GENE0005,103,84,76,97,111
GENE0006,93,87,108,106,108
GENE0007,96,113,95,94,107
GENE0008,114,86,108,108,101
GENE0009,94,116,97,91,94
GENE0010,118,104,110,115,94
GENE0011,91,110,98,86,121
GENE0012,100,96,127,100,93
GENE0013,103,78,116,88,105
GENE0014,92,96,104,84,95
GENE0015,105,100,104,106,120
GENE0016,95,118,92,110,101
GENE0017,84,115,95,114,104
GENE0018,89,103,85,101,104
GENE0019,106,95,104,105,84
GENE0020,93,115,109,102,90
GENE0021,93,104,117,98,94
GENE0022,112,89,119,102,87
GENE0023,113,106,96,110,100
GENE0024,110,106,114,96,102
GENE0025,99,93,69,111,87
GENE0026,108,104,78,101,100
GENE0027,109,98,111,97,88
GENE0028,101,105,102,98,96
GENE0029,76,112,99,100,89
GENE0030,97,104,96,100,105
GENE0031,81,120,97,99,120
GENE0032,90,85,84,82,112
GENE0033,110,86,104,107,93
GENE0034,108,96,95,112,108
GENE0035,85,100,95,97,116
GENE0036,95,123,104,94,105
GENE0037,109,84,79,98,96
GENE0038,88,103,83,82,106
GENE0039,96,96,109,98,86
GENE0040,79,86,108,127,93
GENE0041,82,104,99,102,76
GENE0042,99,93,99,102,106
GENE0043,94,105,116,122,103
GENE0044,119,76,96,103,111
GENE0045,97,112,99,124,91
GENE0046,103,86,101,101,101
GENE0047,113,87,108,106,87
GENE0048,96,97,116,100,97
GENE0049,100,99,100,104,82
GENE0050,87,87,90,115,105
GENE0051,90,89,89,86,91
GENE0052,100,104,80,110,90
GENE0053,96,103,99,73,106
GENE0054,100,85,101,93,91
GENE0055,103,109,83,102,98
GENE0056,93,104,96,103,85
GENE0057,92,90,83,86,110
GENE0058,89,118,102,108,95
GENE0059,100,86,94,88,101
GENE0060,95,95,92,108,99
GENE0061,95,86,120,81,102
GENE0062,87,90,89,105,96
GENE0063,97,98,99,108,92
GENE0064,97,116,104,87,103
GENE0065,115,88,92,108,95
GENE0066,86,87,109,91,107
GENE0067,106,92,90,102,99
GENE0068,88,100,119,106,102
GENE0069,98,119,99,87,113
GENE0070,103,79,110,95,101
GENE0071,95,107,91,87,100
GENE0072,117,102,88,100,81
GENE0073,91,90,102,109,101
GENE0074,97,88,96,104,106
GENE0075,91,110,104,85,107
GENE0076,111,105,94,91,89
GENE0077,98,110,93,103,104
GENE0078,101,94,108,113,115
GENE0079,98,93,104,87,89
GENE0080,86,93,104,91,113
GENE0081,103,98,100,89,83
GENE0082,92,94,107,102,107
GENE0083,103,100,95,85,107
GENE0084,106,92,110,93,96
GENE0085,117,122,90,113,110
GENE0086,106,92,121,89,117
GENE0087,106,121,95,91,82
GENE0088,95,81,101,95,114
GENE0089,92,113,113,120,108
GENE0090,99,108,98,92,96
GENE0091,94,75,97,109,98
GENE0092,121,103,121,103,91
GENE0093,91,109,97,106,110
GENE0094,91,103,84,93,113
GENE0095,105,83,96,107,83
GENE0096,105,112,99,111,105
GENE0097,93,109,106,106,103
GENE0098,113,111,95,89,111
GENE0099,104,104,109,108,127
GENE0100,104,106,94,81,95
GENE0101,108,108,100,105,98
GENE0102,89,106,83,105,123
GENE0103,98,98,97,115,91
GENE0104,104,113,130,113,108
GENE0105,108,87,117,109,86
GENE0106,105,90,80,93,94
GENE0107,97,103,106,109,99
GENE0108,88,103,102,95,84
GENE0109,71,97,102,110,89
GENE0110,104,78,106,106,95
GENE0111,83,101,99,101,83
GENE0112,92,113,90,105,102
GENE0113,90,82,92,113,107
GENE0114,95,113,98,100,115
GENE0115,93,116,104,107,106
GENE0116,89,132,112,92,98
GENE0117,96,89,130,105,109
GENE0118,92,89,95,98,103
GENE0119,89,105,112,102,91
GENE0120,93,101,74,99,94
GENE0121,75,104,99,100,87
GENE0122,94,90,131,105,113
GENE0123,106,121,100,113,106
GENE0124,91,97,85,113,102
GENE0125,114,95,110,109,110
GENE0126,101,95,97,97,92
GENE0127,91,103,103,96,100
GENE0128,96,102,103,110,124
GENE0129,90,104,96,100,93
GENE0130,110,94,107,97,89
GENE0131,89,106,102,110,123
GENE0132,110,91,103,96,109
GENE0133,111,105,104,102,107
GENE0134,91,103,92,103,106
GENE0135,98,87,107,93,90
GENE0136,91,81,81,92,114
GENE0137,101,95,102,99,102
GENE0138,89,90,84,108,105
GENE0139,118,97,101,101,84
GENE0140,87,109,73,93,84
GENE0141,101,97,103,117,91
GENE0142,86,96,113,109,83
GENE0143,89,104,87,118,103
GENE0144,89,97,96,128,94
GENE0145,98,104,103,88,109
GENE0146,79,88,94,106,110
GENE0147,94,101,87,98,96
GENE0148,111,108,97,108,101
GENE0149,125,85,99,85,88
GENE0150,107,96,99,109,106
GENE0151,92,99,105,104,81
GENE0152,88,100,75,107,82
GENE0153,96,95,105,89,105
GENE0154,93,94,104,91,103
GENE0155,104,110,102,110,87
GENE0156,118,96,98,121,86
GENE0157,114,93,112,117,108
GENE0158,111,109,89,75,87
GENE0159,110,100,107,103,94
GENE0160,106,104,88,85,110
GENE0161,102,103,96,101,108
GENE0162,108,125,95,94,98
GENE0163,114,97,106,103,109
GENE0164,102,104,102,102,105
GENE0165,93,100,79,109,109
GENE0166,98,95,84,103,104
GENE0167,104,86,111,102,90
GENE0168,95,93,94,93,113
GENE0169,90,99,87,107,98
GENE0170,108,103,108,124,79
GENE0171,93,116,93,98,81
GENE0172,71,116,101,95,120
GENE0173,98,92,90,99,103
GENE0174,86,91,112,101,112
GENE0175,81,101,99,112,99
GENE0176,104,80,110,90,89
GENE0177,108,92,67,99,101
GENE0178,85,111,90,93,102
GENE0179,109,117,88,109,87
GENE0180,90,105,98,83,110
GENE0181,104,114,89,102,83
GENE0182,90,110,106,99,99
GENE0183,100,95,106,85,88
GENE0184,98,104,96,99,104
GENE0185,105,106,89,91,93
GENE0186,106,94,104,113,109
GENE0187,93,105,86,99,101
GENE0188,98,93,94,108,107
GENE0189,111,113,106,84,94
GENE0190,94,107,115,105,115
GENE0191,83,109,112,103,105
GENE0192,114,100,94,109,115
GENE0193,103,103,92,85,100
GENE0194,123,107,104,92,99
GENE0195,87,99,103,91,91
GENE0196,85,110,100,119,83
GENE0197,86,100,100,93,98
GENE0198,116,103,110,104,92
GENE0199,103,86,99,86,108
GENE0200,83,120,105,103,104
GENE0201,103,107,115,101,94
GENE0202,102,86,95,104,106
GENE0203,105,94,98,117,95
GENE0204,96,106,96,98,114
GENE0205,88,104,95,97,105
GENE0206,96,106,100,100,97
GENE0207,88,108,94,94,103
GENE0208,126,97,101,101,108
GENE0209,98,93,79,102,102
GENE0210,98,100,104,103,97
GENE0211,99,116,101,87,87
GENE0212,93,121,99,99,103
GENE0213,93,108,100,102,111
GENE0214,102,90,112,98,104
GENE0215,106,106,94,110,105
GENE0216,94,107,107,108,105
GENE0217,112,84,82,97,95
GENE0218,101,82,109,78,97
GENE0219,92,97,95,91,96
GENE0220,100,102,82,92,111
GENE0221,101,88,93,93,104
GENE0222,108,77,106,111,92
GENE0223,94,96,112,98,96
GENE0224,84,100,104,106,123
GENE0225,94,109,77,124,98
GENE0226,91,96,108,91,99
GENE0227,91,103,87,107,104
GENE0228,106,114,96,86,93
GENE0229,95,86,100,101,105
GENE0230,109,87,108,86,109
GENE0231,95,112,115,109,97
GENE0232,81,92,108,121,127
GENE0233,96,90,104,102,110
GENE0234,97,93,117,99,106
GENE0235,88,104,101,100,82
GENE0236,110,101,76,98,112
GENE0237,126,102,98,82,108
GENE0238,99,92,105,102,100
GENE0239,118,104,95,107,98
GENE0240,99,86,97,108,97
GENE0241,102,109,102,105,85
GENE0242,91,72,113,123,98
GENE0243,100,93,115,109,100
GENE0244,103,95,91,100,110
GENE0245,95,108,88,101,98
GENE0246,87,101,94,91,91
GENE0247,107,98,95,110,96
GENE0248,108,103,83,106,109
GENE0249,123,93,94,108,100
GENE0250,96,111,106,117,107
GENE0251,93,90,112,107,122
GENE0252,96,109,97,111,98
GENE0253,106,101,78,107,89
GENE0254,101,87,88,94,105
GENE0255,92,102,116,105,101
GENE0256,94,103,107,81,93
GENE0257,105,79,121,105,90
GENE0258,108,93,98,81,86
GENE0259,107,98,97,91,93
GENE0260,103,94,103,104,92
GENE0261,106,94,103,122,107
GENE0262,90,106,97,102,98
GENE0263,97,90,84,117,92
GENE0264,107,103,104,106,90
GENE0265,107,92,93,80,107
GENE0266,105,110,119,90,107
GENE0267,101,96,102,93,115
GENE0268,109,104,106,98,119
GENE0269,111,98,94,79,118
GENE0270,108,105,88,81,105
GENE0271,110,86,94,100,96
GENE0272,111,94,123,96,120
GENE0273,85,101,90,105,112
GENE0274,98,89,89,91,89
GENE0275,107,100,83,89,92
GENE0276,85,100,92,97,103
GENE0277,97,101,106,100,113
GENE0278,101,103,95,106,97
GENE0279,90,98,109,99,104
GENE0280,92,107,111,112,95
GENE0281,99,99,97,115,97
GENE0282,130,104,96,102,91
GENE0283,96,96,107,106,91
GENE0284,99,110,101,108,109
GENE0285,110,87,103,89,114
GENE0286,116,103,114,104,99
GENE0287,93,94,91,116,90
GENE0288,106,111,109,106,120
GENE0289,95,90,91,93,110
GENE0290,108,84,96,92,95
GENE0291,114,92,81,108,92
GENE0292,97,109,94,92,108
GENE0293,108,111,102,113,108
GENE0294,106,91,118,95,110
GENE0295,103,99,105,120,100
GENE0296,106,93,104,89,99
GENE0297,111,103,111,126,100
GENE0298,88,93,102,96,83
GENE0299,105,90,93,115,112
GENE0300,95,83,82,91,93
GENE0301,89,93,95,92,92
GENE0302,105,91,88,113,83
GENE0303,94,110,102,88,93
GENE0304,83,94,79,99,102
GENE0305,94,114,90,107,99
GENE0306,96,97,99,87,123
GENE0307,102,100,91,96,88
GENE0308,90,91,111,102,96
GENE0309,96,102,109,105,91
GENE0310,92,109,108,99,84
GENE0311,117,94,92,99,108
GENE0312,100,108,111,95,103
GENE0313,100,78,101,111,92
GENE0314,107,103,89,110,108
GENE0315,109,105,118,81,111
GENE0316,109,95,119,103,94
GENE0317,107,106,95,98,95
GENE0318,119,96,80,89,98
GENE0319,92,105,108,116,108
GENE0320,105,97,94,93,90
GENE0321,98,86,101,100,103
GENE0322,89,101,95,110,105
GENE0323,97,110,102,91,103
GENE0324,101,89,94,98,78
GENE0325,106,91,92,96,110
GENE0326,96,110,91,99,111
GENE0327,96,111,99,119,119
GENE0328,101,99,89,106,98
GENE0329,103,105,96,97,110
GENE0330,96,85,97,105,97
GENE0331,88,75,89,102,100
GENE0332,125,117,104,108,105
GENE0333,107,88,101,98,117
GENE0334,112,100,102,74,128
GENE0335,107,105,122,109,103
GENE0336,106,120,104,94,98
GENE0337,89,83,85,105,89
GENE0338,92,118,78,102,94
GENE0339,103,93,93,96,78
GENE0340,111,91,84,95,83
GENE0341,108,100,95,101,102
GENE0342,108,88,96,105,106
GENE0343,104,114,94,97,105
GENE0344,105,97,107,105,105
GENE0345,113,99,97,95,112
GENE0346,119,111,109,110,94
GENE0347,108,113,105,95,103
GENE0348,105,98,108,106,104
GENE0349,91,87,112,107,99
GENE0350,95,92,104,101,94
GENE0351,128,114,102,81,103
GENE0352,117,88,94,106,109
GENE0353,94,93,105,103,107
GENE0354,105,95,84,117,85
GENE0355,107,86,106,92,101
GENE0356,125,100,101,103,92
GENE0357,94,98,102,95,97
GENE0358,105,87,87,106,100
GENE0359,103,98,112,85,102
GENE0360,83,85,101,104,106
GENE0361,94,115,102,96,99
GENE0362,106,96,106,105,108
GENE0363,97,92,102,96,95
GENE0364,89,96,86,97,105
GENE0365,104,104,88,103,97
GENE0366,87,89,91,101,113
GENE0367,95,101,102,97,88
GENE0368,98,83,108,111,99
GENE0369,111,131,107,97,102
GENE0370,105,83,93,98,96
GENE0371,103,97,98,110,102
GENE0372,110,111,109,97,101
GENE0373,91,102,80,108,91
GENE0374,83,89,90,78,100
GENE0375,96,88,80,102,114
GENE0376,126,85,90,104,121
GENE0377,94,89,86,92,122
GENE0378,96,82,105,97,97
GENE0379,95,85,103,94,92
GENE0380,89,105,99,82,95
GENE0381,113,91,97,89,95
GENE0382,98,111,113,106,97
GENE0383,97,105,87,91,105
GENE0384,98,103,89,101,91
GENE0385,109,93,102,107,100
GENE0386,93,103,94,100,107
GENE0387,102,89,84,101,101
GENE0388,90,113,114,110,102
GENE0389,93,92,102,98,83
GENE0390,89,91,97,105,119
GENE0391,99,105,107,114,92
GENE0392,87,100,92,108,97
GENE0393,119,109,97,105,102
GENE0394,100,98,108,97,90
GENE0395,116,112,124,95,100
GENE0396,92,94,112,88,121
GENE0397,95,104,86,95,108
GENE0398,121,112,106,105,113
GENE0399,99,97,111,90,100
GENE0400,99,111,85,105,96
GENE0401,107,97,105,93,121
GENE0402,109,87,101,96,95
GENE0403,98,100,92,105,97
GENE0404,109,110,98,92,100
GENE0405,98,95,90,91,117
GENE0406,107,86,98,100,96
GENE0407,107,92,90,97,95
GENE0408,105,108,112,106,92
GENE0409,95,92,81,102,98
GENE0410,113,100,80,94,89
GENE0411,86,86,116,110,92
GENE0412,89,116,114,93,96
GENE0413,101,106,94,109,104
GENE0414,101,96,74,96,89
GENE0415,122,108,109,104,117
GENE0416,104,81,94,96,103
GENE0417,96,90,94,103,96
GENE0418,90,110,95,94,103
GENE0419,97,88,84,86,118
GENE0420,128,107,114,101,95
GENE0421,108,123,103,77,99
GENE0422,98,126,100,116,108
GENE0423,95,112,104,97,97
GENE0424,98,96,90,101,94
GENE0425,99,125,99,101,92
GENE0426,86,105,101,107,107
GENE0427,95,86,110,97,112
GENE0428,113,90,89,101,90
GENE0429,75,102,105,123,119
GENE0430,93,107,94,102,89
GENE0431,108,90,104,100,95
GENE0432,90,90,98,98,102
GENE0433,100,107,99,117,101
GENE0434,100,103,99,82,111
GENE0435,90,108,102,73,111
GENE0436,76,112,98,98,102
GENE0437,94,96,103,93,99
GENE0438,108,94,79,116,101
GENE0439,95,102,85,127,103
GENE0440,105,102,102,97,104
GENE0441,104,94,116,105,90
GENE0442,99,103,95,91,90
GENE0443,98,98,114,101,97
GENE0444,105,120,95,90,107
GENE0445,97,104,110,113,122
GENE0446,95,97,98,91,94
GENE0447,89,97,102,88,105
GENE0448,106,100,106,74,100
GENE0449,107,109,99,97,106
GENE0450,113,81,98,90,102
GENE0451,94,112,90,94,99
GENE0452,89,120,99,84,93
GENE0453,74,109,99,98,109
GENE0454,98,99,114,95,100
GENE0455,88,93,79,83,98
GENE0456,92,83,95,116,84
GENE0457,126,98,93,101,112
GENE0458,103,101,103,108,97
GENE0459,98,99,102,110,91
GENE0460,93,104,98,102,87
GENE0461,113,107,84,97,125
GENE0462,95,95,106,107,77
GENE0463,96,100,90,98,105
GENE0464,103,105,103,91,99
GENE0465,82,95,101,94,91
GENE0466,106,96,110,81,93
GENE0467,112,106,80,95,108
GENE0468,110,98,91,103,88
GENE0469,102,99,102,102,100
GENE0470,92,94,100,92,113
GENE0471,85,110,86,111,104
GENE0472,101,104,98,101,106
GENE0473,89,88,101,85,113
GENE0474,104,86,92,93,121
GENE0475,111,86,93,93,119
GENE0476,106,135,111,104,116
GENE0477,74,111,99,98,118
GENE0478,94,96,96,105,93
GENE0479,87,98,82,110,98
GENE0480,113,101,85,110,98
GENE0481,101,108,90,90,102
GENE0482,102,95,103,104,107
GENE0483,91,87,105,90,110
GENE0484,103,106,79,112,104
GENE0485,125,102,106,92,117
GENE0486,88,100,88,92,105
GENE0487,108,98,94,102,117
GENE0488,115,105,99,105,90
GENE0489,84,85,109,87,90
GENE0490,110,105,105,104,114
GENE0491,89,92,85,116,104
GENE0492,98,120,113,92,93
GENE0493,104,92,104,111,104
GENE0494,103,93,93,100,128
GENE0495,94,93,96,104,110
GENE0496,81,86,118,112,106
GENE0497,89,104,96,110,109
GENE0498,114,103,98,84,113
GENE0499,91,95,97,88,99
GENE0500,107,107,110,91,104
GENE0501,97,113,98,90,99
GENE0502,102,110,107,100,99
GENE0503,117,123,104,87,85
GENE0504,98,91,97,106,100
GENE0505,93,89,92,109,103
GENE0506,83,97,105,92,97
GENE0507,128,95,105,88,109
GENE0508,94,108,97,97,99
GENE0509,116,109,94,77,101
GENE0510,104,126,88,102,105
GENE0511,99,82,100,100,104
GENE0512,113,100,104,110,99
GENE0513,87,101,98,112,84
GENE0514,113,107,104,109,104
GENE0515,106,87,103,98,106
GENE0516,85,100,101,112,99
GENE0517,97,100,92,100,85
GENE0518,122,89,94,95,101
GENE0519,98,96,92,108,106
GENE0520,98,95,90,90,96
GENE0521,95,87,100,118,93
GENE0522,93,78,110,100,88
GENE0523,96,101,97,104,99
GENE0524,109,100,102,78,90
GENE0525,107,87,88,92,92
GENE0526,79,78,100,102,90
GENE0527,103,109,87,106,106
GENE0528,92,91,106,117,92
GENE0529,97,100,97,109,88
GENE0530,96,110,90,85,109
GENE0531,102,101,96,104,117
GENE0532,101,108,89,107,99
GENE0533,95,97,103,111,86
GENE0534,111,94,95,81,103
GENE0535,92,112,111,108,91
GENE0536,113,88,123,95,107
GENE0537,109,100,96,96,101
GENE0538,96,105,107,104,103
GENE0539,101,83,123,99,101
GENE0540,92,89,99,92,104
GENE0541,98,103,101,121,81
GENE0542,92,99,96,100,105
GENE0543,119,91,107,103,99
GENE0544,102,93,84,108,100
GENE0545,98,105,95,100,77
GENE0546,112,90,97,108,79
GENE0547,98,122,93,114,109
GENE0548,101,87,93,107,103
GENE0549,80,98,116,103,75
GENE0550,93,122,110,101,119
GENE0551,105,106,100,101,103
GENE0552,104,90,123,98,103
GENE0553,97,128,96,91,90
GENE0554,99,83,112,112,100
GENE0555,112,91,109,96,102
GENE0556,118,82,105,99,90
GENE0557,129,100,102,88,95
GENE0558,102,108,96,92,90
GENE0559,88,106,97,102,83
GENE0560,82,117,96,107,105
GENE0561,99,90,99,97,108
GENE0562,86,117,101,96,101
GENE0563,87,120,113,92,85
GENE0564,90,100,86,100,110
GENE0565,110,102,97,105,104
GENE0566,116,83,108,100,93
GENE0567,115,106,84,95,92
GENE0568,92,87,102,95,115
GENE0569,95,88,95,92,87
GENE0570,104,102,105,113,106
GENE0571,96,101,109,105,102
GENE0572,105,110,102,96,99
GENE0573,118,105,85,106,112
GENE0574,84,91,108,111,103
GENE0575,95,99,119,89,121
GENE0576,89,102,105,93,94
GENE0577,111,93,89,114,86
GENE0578,104,98,107,96,100
GENE0579,107,120,112,111,97
GENE0580,99,126,85,79,91
GENE0581,98,107,95,109,99
GENE0582,92,112,99,91,90
GENE0583,105,119,100,116,96
GENE0584,117,86,116,97,103
GENE0585,116,104,116,82,125
GENE0586,101,97,102,100,103
GENE0587,112,90,108,108,95
GENE0588,91,88,99,118,100
GENE0589,110,95,91,93,91
GENE0590,112,90,94,96,103
GENE0591,119,91,103,97,106
GENE0592,95,98,122,94,100
GENE0593,105,102,87,114,108
GENE0594,98,110,101,101,123
GENE0595,94,111,105,90,80
GENE0596,101,108,108,90,119
GENE0597,111,98,88,122,92
GENE0598,118,105,95,74,111
GENE0599,96,101,92,92,93
GENE0600,100,92,96,101,103
GENE0601,97,105,102,98,93
GENE0602,101,109,104,119,107
GENE0603,90,114,118,100,110
GENE0604,115,121,105,87,88
GENE0605,96,104,100,102,102
GENE0606,95,98,104,104,94
GENE0607,84,106,96,111,92
GENE0608,125,93,114,97,100
GENE0609,110,106,116,101,97
GENE0610,81,95,93,105,100
GENE0611,113,105,121,109,119
GENE0612,108,98,108,93,100
GENE0613,94,107,104,106,112
GENE0614,93,99,96,84,91
GENE0615,92,109,103,100,102
GENE0616,100,110,87,96,100
GENE0617,119,92,97,99,93
GENE0618,88,102,121,87,112
GENE0619,122,95,103,105,86
GENE0620,93,105,89,93,95
GENE0621,78,107,92,105,110
GENE0622,90,99,95,104,98
GENE0623,94,108,102,87,91
GENE0624,101,107,85,88,96
GENE0625,87,93,111,109,94
GENE0626,98,92,99,81,91
GENE0627,90,91,121,96,77
GENE0628,105,121,106,100,99
GENE0629,95,100,89,90,106
GENE0630,101,99,100,90,105
GENE0631,85,86,101,103,98
GENE0632,106,93,104,110,93
GENE0633,89,106,81,102,96
GENE0634,89,98,92,100,94
GENE0635,83,90,97,99,85
GENE0636,105,93,90,91,93
GENE0637,104,87,95,102,104
GENE0638,101,93,103,91,99
GENE0639,116,96,111,103,110
GENE0640,113,97,105,113,95
GENE0641,98,97,98,103,85
GENE0642,95,112,82,91,101
GENE0643,87,102,97,103,103
GENE0644,93,109,96,102,96
GENE0645,102,104,83,91,111
GENE0646,109,97,90,89,109
GENE0647,111,121,105,104,90
GENE0648,101,107,86,100,117
GENE0649,110,96,88,102,117
GENE0650,105,101,98,101,90
GENE0651,91,105,102,95,90
GENE0652,95,94,115,92,95
GENE0653,112,88,100,114,115
GENE0654,100,105,95,79,98
GENE0655,98,89,100,95,82
GENE0656,82,108,107,99,109
GENE0657,96,104,113,108,114
GENE0658,100,82,120,103,84
GENE0659,108,94,82,92,119
GENE0660,97,95,104,77,101
GENE0661,101,92,98,101,115
GENE0662,84,119,101,84,117
GENE0663,105,103,107,99,89
GENE0664,94,88,87,92,93
GENE0665,114,103,97,105,93
GENE0666,85,100,92,95,95
GENE0667,115,99,114,121,95
GENE0668,101,98,107,120,92
GENE0669,73,86,107,92,91
GENE0670,85,91,116,96,97
GENE0671,99,121,102,90,91
GENE0672,88,103,97,102,81
GENE0673,110,111,86,94,109
GENE0674,100,97,87,79,90
GENE0675,96,111,120,101,104
GENE0676,104,78,101,85,91
GENE0677,94,88,110,100,106
GENE0678,92,102,93,87,97
GENE0679,114,101,105,86,104
GENE0680,89,120,108,111,103
GENE0681,93,100,96,96,115
GENE0682,96,104,119,122,103
GENE0683,115,105,88,114,87
GENE0684,103,93,98,89,100
GENE0685,117,107,90,106,98
GENE0686,109,109,105,93,86
GENE0687,91,116,107,102,108
GENE0688,106,111,104,105,99
GENE0689,99,100,110,91,111
GENE0690,101,96,92,109,93
GENE0691,99,106,113,87,110
GENE0692,95,99,104,122,128
GENE0693,99,98,98,107,111
GENE0694,103,96,94,91,105
GENE0695,113,102,101,83,98
GENE0696,97,110,90,107,100
GENE0697,97,107,89,94,86
GENE0698,93,87,113,109,105
GENE0699,97,101,86,104,123
GENE0700,94,95,101,109,106
GENE0701,97,127,98,96,98
GENE0702,110,100,104,92,74
GENE0703,94,101,113,95,96
GENE0704,105,102,90,120,105
GENE0705,87,94,89,96,102
GENE0706,94,113,95,96,103
GENE0707,90,109,84,106,104
GENE0708,106,95,91,116,97
GENE0709,103,83,108,110,105
GENE0710,103,95,81,101,100
GENE0711,97,113,102,98,82
GENE0712,82,108,103,109,106
GENE0713,74,89,98,99,97
GENE0714,113,112,87,91,81
GENE0715,87,113,107,110,109
GENE0716,120,99,111,89,110
GENE0717,99,111,112,90,93
GENE0718,78,110,92,100,98
GENE0719,103,88,97,102,89
GENE0720,102,100,105,92,103
GENE0721,103,109,103,100,102
GENE0722,99,100,98,95,87
GENE0723,109,108,102,91,87
GENE0724,94,90,126,98,104
GENE0725,93,104,89,102,86
GENE0726,105,106,121,104,124
GENE0727,93,98,94,91,98
GENE0728,113,83,104,118,107
GENE0729,84,92,110,99,89
GENE0730,98,88,117,90,106
GENE0731,95,99,99,88,101
GENE0732,98,105,116,102,101
GENE0733,99,102,110,97,110
GENE0734,97,117,104,97,81
GENE0735,108,105,100,117,98
GENE0736,97,93,112,105,95
GENE0737,93,114,99,113,100
GENE0738,112,97,107,101,101
GENE0739,98,112,99,106,104
GENE0740,98,125,100,93,93
GENE0741,105,94,110,103,111
GENE0742,93,101,98,107,90
GENE0743,91,96,101,98,101
GENE0744,106,92,122,100,80
GENE0745,88,101,89,95,94
GENE0746,91,98,93,100,99
GENE0747,118,95,93,107,81
GENE0748,110,105,114,101,114
GENE0749,94,91,113,97,96
GENE0750,89,92,97,97,84
GENE0751,103,98,100,88,86
GENE0752,103,92,91,91,101
GENE0753,89,109,97,92,102
GENE0754,122,109,88,94,102
GENE0755,100,84,115,87,98
GENE0756,87,87,108,106,97
GENE0757,74,90,112,105,102
GENE0758,102,87,114,104,97
GENE0759,95,107,121,100,117
GENE0760,102,92,119,98,117
GENE0761,99,91,102,100,112
GENE0762,98,104,117,105,118
GENE0763,84,96,102,110,107
GENE0764,94,93,95,96,109
GENE0765,103,104,107,113,83
GENE0766,100,98,101,103,88
GENE0767,103,97,89,103,84
GENE0768,97,99,94,92,93
GENE0769,95,104,103,93,99
GENE0770,102,103,102,86,93
GENE0771,98,95,104,108,104
GENE0772,96,110,92,95,94
GENE0773,116,107,104,94,100
GENE0774,93,83,92,85,93
GENE0775,99,100,102,95,96
GENE0776,99,85,107,88,99
GENE0777,97,123,110,75,102
GENE0778,112,91,117,109,100
GENE0779,92,114,98,96,109
GENE0780,107,95,95,95,97
GENE0781,91,98,100,100,94
GENE0782,120,102,95,87,88
GENE0783,91,121,101,95,114
GENE0784,105,97,97,92,101
GENE0785,109,105,99,97,126
GENE0786,107,96,97,101,87
GENE0787,89,119,105,116,108
GENE0788,112,93,93,70,93
GENE0789,92,102,98,86,106
GENE0790,107,116,119,111,105
GENE0791,121,103,119,100,109
GENE0792,80,101,112,84,101
GENE0793,97,97,99,118,107
GENE0794,100,95,106,100,100
GENE0795,90,92,108,92,109
GENE0796,99,106,110,94,88
GENE0797,94,105,107,94,98
GENE0798,107,112,103,97,100
GENE0799,101,113,121,93,112
GENE0800,108,92,89,93,106
GENE0801,102,110,104,91,103
GENE0802,108,95,106,98,97
GENE0803,94,105,112,104,86
GENE0804,113,82,111,112,101
GENE0805,98,93,101,109,109
GENE0806,82,106,113,102,101
GENE0807,116,99,92,96,100
GENE0808,106,102,89,92,90
GENE0809,88,108,99,103,101
GENE0810,118,102,122,93,98
GENE0811,111,106,94,107,89
GENE0812,92,99,95,98,88
GENE0813,112,96,105,105,107
GENE0814,100,99,114,117,93
GENE0815,86,103,115,85,100
GENE0816,95,104,100,124,100
GENE0817,102,96,84,94,101
GENE0818,82,104,99,101,95
GENE0819,120,82,114,96,98
GENE0820,104,90,95,95,88
GENE0821,99,107,104,85,106
GENE0822,111,106,96,103,100
GENE0823,97,80,96,107,78
GENE0824,93,88,121,89,96
GENE0825,100,107,93,100,92
GENE0826,89,104,110,91,106
GENE0827,115,107,98,97,97
GENE0828,103,77,88,85,93
GENE0829,119,98,99,95,96
GENE0830,109,103,93,92,100
GENE0831,121,104,102,93,94
GENE0832,77,106,99,97,97
GENE0833,122,100,100,94,101
GENE0834,93,97,97,98,91
GENE0835,101,109,106,95,96
GENE0836,90,92,99,91,89
GENE0837,108,106,110,90,87
GENE0838,99,108,106,94,112
GENE0839,93,109,95,100,91
GENE0840,90,118,114,104,108
GENE0841,89,109,97,96,101
GENE0842,84,100,92,100,118
GENE0843,97,109,87,102,107
GENE0844,86,92,103,96,104
GENE0845,105,100,99,108,97
GENE0846,86,114,107,94,86
GENE0847,112,103,79,113,83
GENE0848,95,112,119,106,98
GENE0849,116,93,93,103,79
GENE0850,107,98,96,79,114
GENE0851,90,107,110,107,107
GENE0852,111,88,117,112,89
GENE0853,95,84,99,86,93
GENE0854,103,101,111,91,94
GENE0855,99,113,120,94,95
GENE0856,100,100,97,89,107
GENE0857,105,102,99,100,106
GENE0858,108,125,98,100,123
GENE0859,96,94,113,95,98
GENE0860,99,87,97,96,89
GENE0861,99,108,114,118,100
GENE0862,85,89,116,107,116
GENE0863,104,105,115,102,117
GENE0864,91,108,92,110,115
GENE0865,101,98,101,92,102
GENE0866,88,105,100,119,104
GENE0867,90,103,105,107,108
GENE0868,91,96,111,103,92
GENE0869,106,93,95,93,106
GENE0870,84,85,84,114,82
GENE0871,100,103,104,74,86
GENE0872,102,118,104,109,112
GENE0873,114,93,109,91,115
GENE0874,101,99,117,98,100
GENE0875,100,100,90,108,104
GENE0876,105,97,104,89,104
GENE0877,107,90,101,94,88
GENE0878,109,86,116,104,101
GENE0879,105,128,106,90,100
GENE0880,112,110,109,111,101
GENE0881,99,88,106,119,102
GENE0882,113,105,111,99,94
GENE0883,97,117,104,96,97
GENE0884,118,85,98,103,101
GENE0885,94,113,116,92,116
GENE0886,116,123,106,99,106
GENE0887,101,124,90,97,100
GENE0888,106,84,89,92,96
GENE0889,87,88,116,100,101
GENE0890,102,85,98,109,85
GENE0891,110,103,96,100,89
GENE0892,110,109,92,115,114
GENE0893,104,100,100,89,88
GENE0894,133,93,103,109,92
GENE0895,120,106,98,90,103
GENE0896,109,95,85,88,104
GENE0897,116,93,99,106,93
GENE0898,97,110,92,100,89
GENE0899,98,110,102,110,106
GENE0900,94,100,92,108,104
GENE0901,92,92,103,101,94
GENE0902,73,107,109,99,106
GENE0903,86,95,104,103,107
GENE0904,101,113,97,102,115
GENE0905,108,123,103,95,102
GENE0906,85,107,116,94,98
GENE0907,102,108,85,84,112
GENE0908,118,104,94,87,99
GENE0909,101,110,109,97,112
GENE0910,101,84,90,105,97
GENE0911,104,101,87,97,118
GENE0912,87,96,103,111,91
GENE0913,102,91,96,98,108
GENE0914,102,99,91,114,112
GENE0915,96,98,98,99,114
GENE0916,103,106,116,90,113
GENE0917,90,99,92,98,99
GENE0918,110,107,124,114,107
GENE0919,90,84,104,105,102
GENE0920,120,133,93,105,100
GENE0921,106,96,89,96,108
GENE0922,96,109,91,89,91
GENE0923,99,113,99,98,102
GENE0924,88,90,95,77,106
GENE0925,109,102,99,99,98
GENE0926,91,94,109,125,117
GENE0927,107,91,107,109,110
GENE0928,89,97,108,96,94
GENE0929,109,104,86,106,114
GENE0930,90,100,124,106,112
GENE0931,91,96,100,102,104
GENE0932,112,113,87,102,120
GENE0933,100,104,93,106,110
GENE0934,122,85,101,81,102
GENE0935,116,98,85,96,97
GENE0936,100,79,110,112,111
GENE0937,103,81,87,100,109
GENE0938,103,99,111,112,85
GENE0939,103,107,95,108,111
GENE0940,102,113,91,98,116
GENE0941,66,104,94,95,89
GENE0942,91,113,97,102,94
GENE0943,100,114,88,105,97
GENE0944,92,107,120,99,106
GENE0945,114,94,73,113,105
GENE0946,112,113,118,92,101
GENE0947,103,104,105,100,126
GENE0948,97,106,116,99,88
GENE0949,111,93,97,103,118
GENE0950,102,118,96,97,105
GENE0951,103,89,108,112,71
GENE0952,77,100,93,96,94
GENE0953,97,87,96,107,116
GENE0954,98,74,99,106,93
GENE0955,108,107,109,94,104
GENE0956,102,118,108,108,96
GENE0957,111,98,109,95,102
GENE0958,94,91,99,96,111
GENE0959,121,105,92,111,95
GENE0960,80,100,112,121,120
GENE0961,104,109,84,93,103
GENE0962,91,87,111,100,91
GENE0963,103,115,109,88,105
GENE0964,111,98,98,81,97
GENE0965,93,109,86,90,101
GENE0966,99,91,89,90,99
GENE0967,96,101,95,115,93
GENE0968,103,105,119,88,102
GENE0969,87,93,110,93,128
GENE0970,114,122,98,102,101
GENE0971,75,99,105,98,101
GENE0972,124,106,85,99,121
GENE0973,103,96,103,92,121
GENE0974,98,111,111,114,89
GENE0975,94,112,97,97,96
GENE0976,121,89,97,93,110
GENE0977,86,108,108,108,92
GENE0978,98,95,119,110,117
GENE0979,107,91,98,103,93
GENE0980,104,109,108,95,88
GENE0981,114,111,90,100,86
GENE0982,82,97,118,108,106
GENE0983,121,111,85,90,110
GENE0984,100,114,94,91,99
GENE0985,115,89,98,92,104
GENE0986,105,87,91,79,106
GENE0987,103,94,103,102,89
GENE0988,95,108,120,97,101
GENE0989,78,94,105,101,114
GENE0990,95,112,107,96,106
GENE0991,106,91,102,86,102
GENE0992,132,115,97,116,103
GENE0993,111,110,99,100,101
GENE0994,89,110,103,112,86
GENE0995,97,113,110,85,93
GENE0996,83,109,104,105,85
GENE0997,115,104,97,109,99
GENE0998,95,113,100,91,97
GENE0999,122,96,96,115,95
GENE1000,117,101,81,86,108
